"Hormones.SL","Hormones.BRC1_2","Hormones.CK","Hormones.Aux_Shoot","Hormones.ABA","Hormones.Bud_release","Hormones.PAT_Bud","Hormones.Aux_Bud","Hormones.SUC","Hormones.Sustained_growth","Hormones.GA","Hormones.Decap_signal","Hormones.CXE","Hormones.SMXL6_7_8","Hormones.FHY3_FAR1","Hormones.SPL9_15","Hormones.SMXL6_7_8_Transcription","Hormones.Low_R_FR","Hormones.MAX2","Hormones.D14","Hormones.Perception_SL","Hormones.D27","Hormones.MAX3","Hormones.MAX4","Hormones.MAX1","Hormones.LBO","Hormones.CLAMT","Hormones.PhyB","Hormones.High_R_FR","Hormones.PIFs","Hormones.HB21_40_53","Hormones.NCED3","Gene.SL_n","Gene.BRC1_2_n","Gene.CK_n","Gene.Aux_n","Gene.ABA_n","Gene.PIN_1_3_4_7_n","Gene.Aux_Bud_n","Gene.SUC_n","Gene.GA_n","Gene.Decap_signal_n","Gene.CXE_n","Gene.SMXL6_7_8_n","Gene.FHY3_FAR1_n","Gene.SPL9_15_n","Gene.MAX2_n","Gene.D14_n","Gene.D27_n","Gene.MAX3_n","Gene.MAX4_n","Gene.MAX1_n","Gene.LBO_n","Gene.CLAMT_n","Gene.PhyB_n","Gene.PIFs_n","Gene.HB21_40_53_n","Gene.NCED3_n"
0.660155895320161,0.863043738698548,11.8536703502058,0.421938698440344,0.41214237575855,10.0669485292795,0,1.200214385,4.63192046490816,0,0,2.275215592,0.863763176,1.57228271008698,0.426216849,1.0647608618035,0.77751591234674,1,0.276603125678267,0.793857023,0.276603125678267,0.51613956,0.278181979492251,0.169372147968017,0.686081561454445,0.899725883761212,0.697384059492703,1.119918314,1,1.825724161,0.33722016287818,0.41146916974966,0.683749501,2.050801989,1.726477465,0.690970102,1.001643155,0,1.200214385,2.03581607,0,2.275215592,0.863763176,1.667459295,0.426216849,1.06436463,0.536045709,0.793857023,0.51613956,0.815339335,1.225287526,2.585590005,1.290144034,1.016473986,1.119918314,1.825724161,0.390732486,1.220182805
0.696124695558162,1.59842130373842,3.97850926665788,0.775972677159924,1.51736883259574,2.86139881145483,0,1.822634961,3.34066055939307,0,0,2.303893144,1.18190815,1.4942555099151,0.063175558,1.26325714251039,0.801833658747027,1,0.231750284282618,1.327744447,0.231750284282618,0.656118064,1.13080435825111,0.333499197908909,0.723052874303211,0.534785926048446,0.484804887181294,1.650791887,1,2.099947153,1.529338183,2.1099644633133,1.420082385,1.896308347,0.895500565,1.281865404,0.71914426,0,1.822634961,1.450006728,0,2.303893144,1.18190815,2.127770733,0.063175558,1.123496208,0.405067773,1.327744447,0.656118064,1.367891733,0.368907157,1.335266455,1.103095163,0.670497144,1.650791887,2.099947153,1.529338183,1.379658526
0,0.725137851084105,9.32172746688485,0.816761681826497,0.392548558074392,9.05199616011002,0,1.23160039,4.78890797017455,0,0,2.460726519,0.703452281,1.75318358055287,0.242539284,1.0975371189979,0.726424662907989,1,0.198776779399541,0.960111264,0,1.038024442,1.61689694562952,1.01680798636332,3.89633532504863,0,0,1.451700822,1,1.653427445,0.452246400698913,0.591664336134313,1.436009121,1.630979092,1.37072402,1.413294406,0.663472786,0,1.23160039,1.946135799,0,2.460726519,0.703452281,1.809354589,0.242539284,1.096370923,0.409510419,0.960111264,1.038024442,0.953563042,0.664407319,1.915964163,0.88780511,0,1.451700822,1.653427445,0.623666045,1.30826966
0.00960599863777127,1.4731619161263,4.50944026518145,0.625811096091584,0.353228191756676,4.6518121685074,0.401092546930571,1.120420486,4.39036652646257,0.692272140668227,0.442370602124023,2.528453231,0.884693852,1.76920247349234,0.326969327,1.74377217778533,0.722234603562771,1,0.225838495610351,0.926230904,0.00960600357690536,0.993245004,1.98558996209036,0.138799902319925,0.407786826590665,0.0115920056028536,0.0104859656432939,1.730622763,1,1.962363816,0.66393268,0.602801948240811,0.780898121,1.806006308,0.676723456,1.104072592,0.58597719,0.119896227,1.120420486,1.736384313,0.394825521,2.528453231,0.884693852,1.702446781,0.326969327,1.785689245,0.458508001,0.926230904,0.993245004,1.61254504,0.104446646,1.483084726,1.10547781,0.025714324,1.730622763,1.962363816,0.66393268,0.90792631
0.00247881794877423,0.912608373294027,10.1402045569119,0.720535626568079,0.591552650062213,9.05245758139827,0,0.986239694,5.72041385444109,0,0,2.434976735,0.413044111,2.23003010457343,0.237475275,1.24508735793941,0.619201516595585,1,0.301699161551452,0.941963514,0.00247881794896191,0.379027085,0.739114053716446,0.488496049607224,1.85220464303273,0.00332977533312324,0.00356546985895309,1.319183266,1,2.177251333,0.937729714280222,0.492468470271082,0.525963279,1.793725626,1.206727528,1.237511557,1.201173949,0,0.986239694,2.349268382,0,2.434976735,0.413044111,2.6095519,0.237475275,1.390588741,0.681809718,0.941963514,0.379027085,1.356534879,0.76170989,1.900522965,0.933895241,0.001924987,1.319183266,2.177251333,1.027537675,0.525173657
4.47609140005619,1.03680716457264,4.42454902158641,0.975172548999994,0.394121002322615,4.99275536758272,0,1.205681633,4.14033066872229,0,0,2.410171024,0.568114306,2.52788569037162,0.598467966,0.777323514197995,0.56691642459921,1,0,1.080892349,0,0.440223117,0.998226912816026,1.20987991783306,6.4229164057519,3.07764332520399,4.62516649159553,1.300806142,1,1.754314642,0.919739301,0.540849790496598,1.140324303,1.756339359,0.794851779,1.662752585,0.728706952,0,1.205681633,1.717857624,0,2.410171024,0.568114306,2.169147733,0.598467966,0.996203208,0,1.080892349,0.440223117,1.162639214,1.025631979,2.654361111,0.665412441,0.720103797,1.300806142,1.754314642,0.919739301,0.588046841
0.186732705724231,1.30777664393115,4.60050881468612,0.665475230973061,0.642911655962243,4.75187713733718,0.561837654695148,1.77722611,4.78604329384943,0,0,2.132258574,0.829916875,1.98275686939352,0.351062576,0.998582575404938,0.670516627533193,1,0.413523321705801,1.097191514,0.186726785906576,0.981349801,1.1767633412382,0.544274685225061,1.79357067852022,0.233536034577508,1.36325318366759,1.593576723,1,1.915577732,0.54610479,0.59881219865897,0.731593649,2.091278076,0.68540524,1.042220249,1.073644888,0.164933792,1.77722611,2.244588603,0,2.132258574,0.829916875,2.303273462,0.351062576,1.081923585,0.866292076,1.097191514,0.981349801,1.069175656,0.656834466,1.955271073,0.171304159,0.760054363,1.593576723,1.915577732,0.54610479,1.096515192
2.4866564515277,1.04129914124117,6.32785904781875,0.749574066273988,2.01989509573579,5.28252341221571,0.896042898703839,1.367206009,7.04004099893204,0,0,3.37568778,0.982703009,2.39274894363596,0.606775625,0.889092568241131,0.589505932487496,1,0.204221186098721,1.206373487,0.204221186098721,0.615542716,0.770081613734975,0.796967177965286,2.45508738383367,1.43667635752021,1.89117301055042,1.506044905,1,1.94195776,1.394253145,1.92036833137718,1.715870524,2.191414659,0.663746135,1.639951041,1.051826914,0.212410137,1.367206009,2.085513074,0,3.37568778,0.982703009,2.408597129,0.606775625,1.11124283,0.538433543,1.206373487,0.615542716,1.004940325,1.280661032,1.854824341,0.759674736,0.77030782,1.506044905,1.94195776,1.394253145,1.377345526
0.109944643475659,0.693474540735303,4.60645839155095,0.680451394663788,0.224295893076899,5.73264410705673,0,1.23737584,3.75682811404011,0,0,2.068079158,0.66039613,1.30185925392859,0.226510557,0.855403903885194,0.868858816320827,1,0.211631742866363,1.265404589,0.109933397999653,0.25772108,0.31676113840564,0.23301986224082,0.608822150327408,0.0665191490560869,0.221091560834838,1.397690237,1,1.24874596,0.461227340421831,0.376586951493696,1.372356556,1.40190044,0.855356291,1.043839371,0.595594436,0,1.23737584,1.81657849,0,2.068079158,0.66039613,1.319153248,0.226510557,0.754547615,0.378530797,1.265404589,0.25772108,1.002408016,0.948014604,1.449965067,0.300881216,0.36316253,1.397690237,1.24874596,0.665094211,0.816480572
6.65323456161136,0.783442707865045,6.96283661457996,1.14155967925623,0.696678883422534,6.26251180785768,0.562268008635686,1.392833364,3.93435251747993,0.0731809953334399,0.0288302898366034,1.895204589,0.087548394,2.04692658837488,0.722902015,0.759315082133995,0.656399584498037,1,0.226398945483835,1.210118478,0.226398945483835,0.724946617,1.48600459626539,3.23194685226375,8.66374779441489,3.15847708824053,4.74700296089416,1.243081938,1,1.6172914,0.888115529592908,0.628066542634265,1.145443573,1.663648488,1.490114671,1.652524411,1.109242253,0.176199185,1.392833364,2.075951346,0.020699023,1.895204589,0.087548394,1.820006545,0.722902015,0.90545031,0.406240898,1.210118478,0.724946617,1.101075951,1.652532253,1.643778757,0.665362359,0.547915645,1.243081938,1.6172914,1.133606711,0.707194169
2.88323675221177,0.927695929684338,5.52415721326458,0.992947640659567,0,6.92452968247095,0.861413679729109,1.265757633,4.61226468947331,0,0,2.030877465,0.753526888,2.07364820811872,0.545848905,0.956063921892863,0.650702050628171,1,0.00144587569599139,1.414866393,0.00144587569599139,0.902263041,2.64112953858864,1.1631597009617,2.4383583101286,1.69704958706589,1.12165479310629,1.384190353,1,1.253950318,0.840996572976826,0.481973569149375,1.489595003,2.031773045,0.896604036,1.504751314,0,0.291938462,1.265757633,2.271069904,0,2.030877465,0.753526888,1.73553407,0.545848905,1.104122909,0.00289047,1.414866393,0.902263041,1.476140422,0.375408065,1.049676958,1.512987416,0.460004089,1.384190353,1.253950318,0.906553728,0.573094751
5.0485628909883,0.523492293496384,11.1834424958386,0.733476177802891,0.205248500449688,12.2925424378125,0.944424290413825,1.123013498,5.58814806764599,0,0,2.162843719,0.597427709,2.86017283665516,0.865043033,0.89584602614017,0.51811107984546,1,0.0957583816753812,1.156077823,0.0957583816753812,0.771463695,1.52195641644987,1.42386204762978,4.3984972885172,3.31831359106282,3.89068628129366,1.219708511,1,1.76560255,0.445427570302039,0.238005916168204,1.215182657,1.376290399,1.415521816,1.159935261,0.862369359,0.169718339,1.123013498,2.583704046,0,2.162843719,0.597427709,2.265876239,0.865043033,1.282228699,0.210856523,1.156077823,0.771463695,1.473620028,1.057217612,1.692470938,0.852886445,0.884548978,1.219708511,1.76560255,0.850876449,0.534332216
2.55643326437121,1.00256333289575,7.05635156091051,0.597863818006837,0.814667664771956,6.1292820674202,0,1.120217527,4.64206000965307,0,0,2.511902836,1.039930301,2.26424454981634,0.633785955,1.16920620368236,0.612707879640542,1,0.0769094180750157,1.035866578,0.0769094180750157,1.424425239,2.34904772945451,1.50054371578098,4.99616661450018,2.98506597804946,2.76259894856537,1.875797912,1,2.023671304,0.831975877,0.752904477821861,0.873505932,1.73475513,1.016474381,1.049819819,1.082033231,0,1.120217527,1.848025307,0,2.511902836,1.039930301,1.956169277,0.633785955,1.431688385,0.163775874,1.035866578,1.424425239,1.485248386,1.055818355,1.792823103,1.080528167,0.552943719,1.875797912,2.023671304,0.831975877,0.904959505
0,0.843559752663793,9.7856829262243,0.541527810269515,0.202631253595354,9.43812344240271,0,1.401196963,4.58942434788268,0,0.0168215811215564,2.240071584,0.698849923,1.37898296741699,0.258713977,1.37633763897163,0.840702063043653,1,0.302624211458389,0.918685295,0,0.543847422,0.866070966486503,0.63330347183445,2.29461374040197,0,0,0.922840745,1,1.654758525,1.07752906343034,0.661407024027455,0.674691951,1.697463271,1.354776951,0.877294435,0.306360249,0,1.401196963,2.048784682,0.012005151,2.240071584,0.698849923,1.254309915,0.258713977,1.251668303,0.568348325,0.918685295,0.543847422,1.470366655,0.986694678,1.811622581,0.946197095,0,0.922840745,1.654758525,1.277366298,0.613808335
2.20503164247232,1.60006447209694,9.55100706680119,0.984224665646953,0.373019950445725,6.94302591837206,0.981094147549348,1.193434154,4.24166252614373,0,0,2.369142093,1.037784318,1.30971286866358,0,2.10680445228761,0.865894938903986,1,0.209425516007361,1.07802961,0.209425516007361,0.856187449,1.87684152528695,1.43834733590861,3.06527990247868,2.43366044755517,2.98272238168443,1.107399161,1,1.954232506,0.542741968,0.589660501768187,0.923172932,2.350894898,1.797795986,1.657996375,0.632601216,0.222674973,1.193434154,1.790379116,0,2.369142093,1.037784318,1.82931245,0,1.743248501,0.384770259,1.07802961,0.856187449,1.346832641,0.645660844,1.288710882,0.815919196,0.97306689,1.107399161,1.954232506,0.542741968,1.086447219
0,0.731053454692672,7.86373317188125,0.759645911909935,0.475009323232909,7.5639655289261,0.410079404572933,1.886394623,4.26153222065867,1.17906143682562,0.432120936092127,1.98640375,1.09530834,2.64757238354067,0.621160828,0.977087044085329,0.548311631194034,1,0.264700333134407,1.272196683,0,0.401062528,0.57851587585703,0,0,0,0,0.868427344,1,1.891438608,0.855842054016402,1.15418326092657,1.226945907,1.358682446,1.273081956,1.1343047,0.411551841,0.092224165,1.886394623,2.145350471,0.229072396,1.98640375,1.09530834,2.263903927,0.621160828,1.286999905,0.471825668,1.272196683,0.401062528,0.949427909,0,1.716306545,0.600793675,0.435989465,0.868427344,1.891438608,1.170699537,1.348593084
0.353381696291526,1.32661801762519,7.48428718278127,0.74498507874912,0.8792641022775,6.31349436827459,1.50506061786345,1.221047378,5.79263765566127,0,0,2.861494285,0.971522077,2.34237851106044,0.407250266,1.5552401097762,0.598372249853885,1,0,1.375495055,0,1.120777988,1.51467070883169,0.927369614563494,2.85883960405656,0.312249961126036,0.601262631900836,1.307063966,1,2.484097875,1.214499397,1.35502465408359,1.115612334,1.925013515,0.886653795,1.438377812,0.64889159,0.340582759,1.221047378,2.02434011,0,2.861494285,0.971522077,2.32930495,0.407250266,1.846712035,0,1.375495055,1.120777988,0.907028773,0.679469027,1.541370107,0.519323744,0.210317022,1.307063966,2.484097875,1.214499397,1.115706321
0.590891319292213,0.543335313785401,8.70931254172917,0.932194475373592,0.540843679318635,8.87932739609167,0.559357999031908,1.206254951,4.98341584668986,0,0,2.285828083,0.144495376,1.87828175136254,0.447823963,1.28358588261154,0.694855781539049,1,0.157155046719168,1.596277325,0.157155046719168,0.346171152,0.89971884350832,0.567043888442095,0.935588477687719,0.322855017483944,0.369239625538424,1.099358245,1,1.088490624,0.510478321730426,0.58387710664541,1.047331381,1.358453728,1.349782527,1.531515393,0.926306946,0.132868625,1.206254951,2.180135892,0,2.285828083,0.144495376,1.902075403,0.447823963,1.388236343,0.317562185,1.596277325,0.346171152,1.613135974,0.550422523,0.954618285,0.874378033,0.394660296,1.099358245,1.088490624,0.939523272,1.143784468
0.359946917969578,0.746951417398022,8.56060133938616,0.568087952735936,0.507068100438013,8.51241772742613,2.69312826493108,1.50907694,5.28920635794049,0,0,2.494287116,1.224958873,1.34162229732574,0,1.49019071659193,0.854106515513741,1,0.553985945855144,1.177864501,0.359932294679347,0.598693335,0.634765571357976,0.224533977461576,0.746464211844394,0.40558501856798,0.372276603669952,1.425644833,1,1.753898957,0.570085428268415,0.617054878316642,0.987340636,1.402640674,1.18474894,0.992531207,0.821749493,0.504187283,1.50907694,2.120528276,0,2.494287116,1.224958873,2.136152076,0,1.244915873,1.20697627,1.177864501,0.598693335,1.269046063,0.589282789,2.260548833,1.089507204,0.498728456,1.425644833,1.753898957,0.76321411,1.082384285
0.352910577144376,0.913474687319025,8.6737163961643,0.501367228107961,0.126329706713573,9.91377197165323,1.44329380202464,1.25082208,6.39421315262026,0,0,2.66985653,0.686155509,2.2300298826607,0.593403978,1.01250032718939,0.619195449701871,1,0,0.853289393,0,0.628184635,0.973720352045437,0.729687981307027,2.781681615525,0.180801468458671,0.624828634738511,1.324616195,1,1.961078906,1.04377153420672,0.167496975468086,1.645623011,1.985779508,0.848272861,0.919972898,0.754207121,0.258080759,1.25082208,2.394965078,0,2.66985653,0.686155509,1.839053389,0.593403978,1.220923994,0,0.853289393,0.628184635,1.545827394,1.242305842,1.906076081,0.289361688,0.224622628,1.324616195,1.961078906,1.142646024,0.160472359
0.360523676250436,0.836625325405981,6.89133933867239,0.443511941180587,0,7.8502083471262,0,1.237357298,4.24273239185282,0,0.433926252183011,2.083305979,0.547322972,1.29119150231929,0,1.2351169838566,0.872896661792387,1,0.268897320645699,1.372260926,0.268897320645699,1.089450786,1.01933217353688,0.110304915188224,0.306388176913244,0.300981205423411,0.338888318405113,1.571266643,1,1.816310773,0.433832241243537,0.430494227706582,0.92671329,1.43535703,1.101420672,0.68374151,0,0,1.237357298,2.036538288,0.350687916,2.083305979,0.547322972,1.877048698,0,1.016261035,0.525290851,1.372260926,1.089450786,1.338441158,0.234241366,1.762274764,0.888142757,1.106075051,1.571266643,1.816310773,0.518546767,0.992281493
0.0531258195984997,0.759726366150547,8.9015176935241,0.787040417303447,0.561105134499653,8.68712873438512,0,1.321347773,5.52268633744129,0,0.145613679442554,2.85818812,0.857197087,2.02443904622449,0.223995882,1.04394658489039,0.661280577412172,1,0.0571350028414196,0.803850808,0.0531263417685198,0.379921937,0.408279604325821,0.222451957725568,0.852109059755828,0.0562212255865969,0.168447490039637,1.227965052,1,1.806402715,0.801296225726985,0.667482997026742,0.877469762,1.657177117,1.144452132,1.518274994,0.840628062,0,1.321347773,1.932233326,0.110200874,2.85818812,0.857197087,2.408306133,0.223995882,1.108783679,0.124992123,0.803850808,0.379921937,0.718980373,0.567858788,2.01701886,0.333760519,0.197683178,1.227965052,1.806402715,1.054717251,0.832997102
0.22268591454045,0.656089243937862,2.93344295268321,0.742873849412437,0.36306804658936,5.05730602778216,0.206138800676076,1.676539867,4.70097677778942,0,0,2.145820766,1.29464364,2.46920907792035,0.57092988,0.393074835296428,0.576503453880448,1,0.30690235237616,1.365674371,0.222687682925756,0.414166404,0.394893361913489,0.146155716987418,0.49199291667261,0.25129736305354,0.274764238845287,1.741387316,1,1.832683867,0.462355624438678,0.488763613619787,1.016704007,1.216007045,0.462634578,1.168473991,0.742828661,0.07977024,1.676539867,2.19075929,0,2.145820766,1.29464364,2.631163007,0.57092988,0.49528607,0.64774535,1.365674371,0.414166404,0.784656033,0.493752503,2.057983064,0.914622044,0.558489357,1.741387316,1.832683867,0.704712537,1.057113674
0.035717987222674,0.842246026770868,7.22384995145166,0.985575657468059,0.310464876569222,7.43172511571608,0.636965915340324,0.793120855,4.49119427068136,0,0,1.951817312,0.845343911,2.44192109496371,0.534360458,0.907951010069651,0.581070754235152,1,0.184801123198406,0.817148911,0.0357193758191694,0.073410988,0.051669860050696,0.0422898036549753,0.137728158061668,0.0414279809438004,0.0780245877544116,1.600922347,1,1.710933448,0.298431238200297,0.296116674434978,0.795486012,1.749096828,1.214898898,1.454619644,1.048461168,0.190305636,0.793120855,2.301032091,0,1.951817312,0.845343911,2.267413451,0.534360458,1.129555088,0.37385806,0.817148911,0.073410988,0.369827069,0.755004491,1.686542972,0.530947853,0.566508949,1.600922347,1.710933448,0.354327923,0.992248818
0.216613165043697,1.36521606247431,2.05730648323557,0.761464839130322,0.413336044121673,3.9529812579475,0,0.877618034,5.41093409328361,0,0.0373302272962828,2.625599542,0.473628573,1.75070005999179,0.378559706,1.19773613322314,0.727087383235643,1,0.359676791918572,1.211201517,0.216632389575132,0.352328454,0.345539229502798,0.247155746416547,0.47646525210178,0.226611695669495,0.249587955620413,1.348868971,1,1.907013134,0.898928728,0.504369143635929,0.704213619,1.732072875,0.283078641,1.380383286,0.819510966,0,0.877618034,2.060837537,0.042535848,2.625599542,0.473628573,1.926461694,0.378559706,1.236441191,0.787674466,1.211201517,0.352328454,0.783488751,0.837296164,1.172677763,0.907850622,0.523791227,1.348868971,1.907013134,0.898928728,0.561078012
0.544896669352105,0.770782407594595,8.72389115404353,0.47718097952121,0.055175789548843,9.47874762994335,0.92298683100453,1.614101978,4.66942218814875,0,0,2.200385094,0.835556564,1.34607982008453,0.05420198,1.28519539117313,0.852489623052013,1,0.597046327707002,1.159436922,0.544911692401648,0.770466459,0.567911835594805,0.338154606498737,0.660902630178051,0.518037963197195,0.6056214487393,1.305152901,1,1.499057792,0.463247633406147,0.0670149717487925,0.965344469,1.633187641,1.411553096,0.763581447,0.823338117,0.163109934,1.614101978,2.122093174,0,2.200385094,0.835556564,2.293602575,0.05420198,1.092503345,1.190297693,1.159436922,0.770466459,1.193224862,1.201060265,1.509744826,0.855377734,0.916362075,1.305152901,1.499057792,0.601008848,0.144663552
0.499449289184669,0.671340891614454,8.23638068056012,1.12670228725274,0.0110197899784533,9.64909826025804,0.45619707364463,1.287594775,4.70477665425359,0.426380075351016,0.126043212628477,2.430670112,0.424800691,2.03978536092403,0.362956274,0.909662076440403,0.65794879954502,1,0,1.254173156,0,1.01536503,3.46709026848728,3.89927521708939,13.7054833442533,0.54821550025067,1.54177655709326,1.461168401,1,1.480595651,0.541059675333177,0.175109088902683,0.649029161,1.629242129,1.368434264,1.932671931,0.062929977,0.12173452,1.287594775,1.93558831,0.097890435,2.430670112,0.424800691,1.998030472,0.362956274,1.00124378,0,1.254173156,1.01536503,1.515317977,0.863718662,1.757439855,0.355573898,0.11249341,1.461168401,1.480595651,0.805944467,0.323638883
0.284714159662816,0.664292250777441,12.2967057620553,0.423074152304446,0.25187836958457,12.5116045305031,1.64042478386452,1.234243582,5.94630117671187,0,0,2.786169912,0.872646422,2.33211590922991,0.80614137,1.12784090092439,0.600218388286512,1,0.184140426986293,0.901677995,0.184140426986293,0.483314188,0.391128120946662,0.218080063714584,1.05801807163283,0.205291290541608,0.377155992258234,1.120103954,1,1.353042542,0.587651658479264,0.429962684417207,1.298566907,1.996013303,1.347903074,0.800915313,0.585817158,0.214600942,1.234243582,2.134220584,0,2.786169912,0.872646422,1.963615233,0.80614137,1.448785476,0.417372928,0.901677995,0.483314188,1.132520878,1.088660836,2.872435815,0.54431401,0.356474055,1.120103954,1.353042542,0.884626996,0.731664517
0.406853637346138,1.62029508292452,6.06464682327149,0.82174576815772,0.104383983571214,5.7102269641662,0.49726506471225,1.783214104,4.56978962352878,0.419729867010143,0.204704266355088,2.23527003,0.782575956,1.30943193950482,0,1.65726550182403,0.866020307213553,1,0.410808067998736,1.245530953,0.406873782842552,0.961991545,1.90050266665678,1.08532680361536,2.21622379656169,0.254102224070064,1.44087786572145,1.785431365,1,2.048220079,0.591035067,0.369853550567764,1.42700892,2.247532598,1.071201378,1.329284728,0.282230584,0.134763803,1.783214104,2.044401599,0.114795114,2.23527003,0.782575956,2.127243555,0,1.37114469,0.858098048,1.245530953,0.961991545,1.691204854,0.728379487,1.436478335,0.176353212,0.650158197,1.785431365,2.048220079,0.591035067,0.6257726
0,1.18105154036307,5.30656180783848,0.567787834232284,0.19863655339353,5.05246558267081,0,1.219427409,3.23134687031213,0,0,2.170442203,0.38247479,1.60917830832608,0,1.08776719650577,0.766504651507667,1,0,1.370919811,0,0.069320009,0.102153852353956,0.0329441611887035,0.103909027328036,0,0,1.562304876,1,2.276509561,0.747573537,0.437139462523722,0.644748433,1.532977401,1.054214032,0.900069256,0.454400873,0,1.219427409,1.488796553,0,2.170442203,0.38247479,2.09940283,0,0.981505136,0,1.370919811,0.069320009,1.297717198,0.505834814,1.577047701,0.396527007,0,1.562304876,2.276509561,0.747573537,0.584744431
0,0.697333901307607,9.54933929288592,0.746427842575917,0.194967497615525,10.013482185931,1.68050216938233,1.473507598,4.93164146410569,0,0,2.32876413,0.817119565,2.4320394292349,0.36726338,1.23243499812284,0.582751930571217,1,0.0879573375129319,1.424662269,0,0,0,0,0,0,0,1.855668678,1,1.566211463,0.631594803372605,0.251231054597672,1.42214303,1.606022962,1.329505171,1.242341114,0.776030707,0.329721534,1.473507598,2.117707586,0,2.32876413,0.817119565,2.559989244,0.36726338,1.478692593,0.193227101,1.424662269,0,0.972237033,1.153704208,1.458954728,0.177864549,0.581035902,1.855668678,1.566211463,0.905737004,0.397774536
0.169219097740864,1.97172423697243,3.84593077107975,1.04138211359835,0.317812413063181,3.83929402851848,0.477452269907881,1.801968612,4.38843245236319,0,0,2.385814542,0.732161623,2.78790536342879,0.708767182,1.2615249612309,0.528001761520305,1,0.0833697191233886,1.222945306,0.0833697191233886,0.128781482,0.422886426853471,0.446623524889531,1.55650332438147,0.162252156956594,0.979700246483835,1.256749068,1,2.02370302,0.887945295,0.726325938346192,0.903269431,2.498978832,0.684616851,1.762963352,0.437561701,0.181982306,1.801968612,1.839385407,0,2.385814542,0.732161623,2.44213388,0.708767182,1.733535038,0.159344159,1.222945306,0.128781482,1.708074898,0.846856169,1.887796405,0.165614082,0.629423806,1.256749068,2.02370302,0.887945295,0.817985007
0.253727370698101,1.35231339929959,2.27566652318396,0.376714415516761,1.04519627276995,2.47920359096878,0.361875450666313,1.703096434,3.17549471671115,0,0,1.833232348,0.566421824,2.25855027777835,0.54490023,1.11039657495873,0.613764838016638,1,0.397068409231107,1.821106195,0.253699362633346,0.97893275,0.596444061620267,0.206397265717299,0.579201793274021,0.231982765031683,0.311194453636303,1.491240522,1,1.937317622,1.095291418,1.40026796065081,0.856719806,1.47052922,0.47125595,0.533659734,0.7464259,0.128578554,1.703096434,1.732183441,0,1.833232348,0.566421824,2.443747834,0.54490023,1.333441173,0.661787489,1.821106195,0.97893275,1.013814913,0.860005649,1.759067876,0.74550762,0.537298604,1.491240522,1.937317622,1.095291418,1.278443287
1.33196633983431,0.829124397803421,4.1766450261617,1.29596499172108,0.0898031535398573,6.60791145965854,0.130471247977348,0.818638126,5.46739078186172,0,0,2.556569927,1.17237927,2.26708301617661,0.874579094,1.06461447369054,0.612160705961063,1,0.164183510780037,1.775062246,0.164183510780037,0.450376519,1.14731534870956,1.07316295644645,2.92897980017713,3.21921602493528,3.13571954305246,1.342756188,1,1.816701177,0.811133456994903,0.739688964533592,0.449416262,1.341606134,0.660818506,2.304595058,0.121410161,0.059500115,0.818638126,2.138564928,0,2.556569927,1.17237927,1.775222124,0.874579094,1.368480738,0.361620215,1.775062246,0.450376519,1.14420869,0.632787522,1.588700936,1.026627535,1.070584216,1.342756188,1.816701177,0.978293176,0.911925195
0.532493506801234,0.986054106767238,3.07297073689696,0.44623401796276,0.945562339635559,3.9600247780844,0,1.512846082,4.71166629876019,0,0,2.173317831,1.229260295,2.09033035890567,0.466564094,1.08807864223413,0.647177517607819,1,0.0719774604002886,1.1667806,0.0719774604002886,0.635974165,0.66251043362908,0.346710022356297,1.37945664477123,0.660554369891201,1.0682026798726,1.764126048,1,1.416642536,1.52509755486567,1.27327803172659,0.898538172,1.646727216,0.410597318,0.708021183,0.742625908,0,1.512846082,2.16796008,0,2.173317831,1.229260295,2.011950991,0.466564094,1.239568106,0.152516502,1.1667806,0.635974165,1.251256169,1.124711989,2.132540647,0.618379248,0.774364808,1.764126048,1.416642536,1.546662765,0.834879878
0.259002051211489,0.687561624528843,4.22031181704895,0.946044502076317,0.180599691317153,7.38983682433484,1.9912401277049,1.538604318,6.37731708871361,0,0,2.429147281,0.261124815,3.27612873792456,0.800961761,0.968498435792136,0.467712098645898,1,0.055825405545048,1.651447639,0.055825405545048,0.674466552,0.849496902042439,0.465934060167518,1.91811783582976,0.295059951554732,0.204466683010051,1.749135097,1,2.322758496,0.609191815817299,0.289247602947642,0.553504317,1.068673855,0.496636237,1.622062966,0.624379799,0.709882491,1.538604318,2.625331588,0,2.429147281,0.261124815,2.726482334,0.800961761,1.471414638,0.141328325,1.651447639,0.674466552,0.70283265,0.551494588,2.173266257,1.443071053,0.106597561,1.749135097,2.322758496,0.886016841,0.474806307
0.00152656016626611,0.531061494189178,7.27645286866603,0.122601903460826,0.397086537548894,7.76793809277349,0,1.382606899,4.0963172350146,0,0,2.131435183,0.790183086,1.87590666419102,0.258275399,1.34691078545813,0.695423008973699,1,0.332207164793586,1.429481218,0.00152656017078369,0.113066994,0.0305404272371227,0.0039595046384374,0.0155233517369475,0.00166356986603224,0.00412375015395167,0.866915823,1,1.457863189,0.610157783683647,0.515386228359482,0.821372832,0.96184974,0.943293681,0.191959957,0.770480123,0,1.382606899,1.921858693,0,2.131435183,0.790183086,1.970038444,0.258275399,1.392107322,0.578308978,1.429481218,0.113066994,1.103251495,0.758323779,1.963256832,0.403411895,0.265648181,0.866915823,1.457863189,1.14892855,0.844654376
0,1.4560187823579,4.55756319867254,0.885780716939036,0.689090590971936,4.2243231168816,0,1.4777663,4.19753856607099,0,0.799298632698743,2.325245246,0.657357229,1.62214643245092,0.069834138,1.02195978847557,0.762755613586646,1,0.0370848145140488,1.561565873,0,0.959691697,2.76490965982889,3.0632891647355,13.7614348881685,0,6.56668012379275,1.256208301,1,1.858379284,0.983948455,0.683663952290188,1.097433375,2.192407332,0.783323833,1.472719059,1.007937582,0,1.4777663,1.805202515,0.540882975,2.325245246,0.657357229,1.948283412,0.069834138,0.943244858,0.069105205,1.561565873,0.959691697,1.626271275,1.018199818,2.246186068,0,0.4771799,1.256208301,1.858379284,0.983948455,0.694816836
0.193105002885165,1.12215258291376,8.89237800401753,0.943053934023904,0.503415772467347,7.82065379277482,0,1.601818374,5.28484238634208,0,0,2.377404351,0.672744316,1.35656281151996,0.240195384,1.36117439087744,0.848674574157835,1,0.138687326828941,1.369115403,0.138687326828941,0.581136869,1.0785642436248,0.557554074300072,1.53218808947217,0.131401720777139,0.720962224938965,1.503040601,1,1.761190143,1.588532806,1.39935866757339,1.229113645,2.237830453,1.296349361,1.59253723,0.359747493,0,1.601818374,2.222946376,0,2.377404351,0.672744316,1.418602435,0.240195384,1.223971854,0.304692,1.369115403,0.581136869,1.120483717,0.499059066,1.564586504,0.182258815,0.470544204,1.503040601,1.761190143,1.588532806,0.880912665
0.643130148269237,0.830004912124826,5.65047230869859,0.766647100021387,0.113424634515996,7.55964689382599,1.26366413593281,0.981901443,5.47516458543633,1.01700709605702,0.435556025967989,2.894138839,0.403411102,2.04274625300608,0.249960637,0.80382593150872,0.657301674326364,1,0.0730181417052128,1.678976968,0.0730181417052128,0.157539945,0.237553459422763,0.236013156014589,0.466193729445937,0.32307170090061,0.367638929374311,0.836021071,1,1.79870132,0.803301876527367,0.260975272690352,1.396866373,1.590542131,0.732646917,1.492715124,0.434617876,0.351510885,0.981901443,1.891811309,0.443584261,2.894138839,0.403411102,2.415978296,0.249960637,0.862646604,0.151716833,1.678976968,0.157539945,1.055242421,0.942473049,1.059759417,0.878774458,0.788596899,0.836021071,1.79870132,0.967828339,0.324876156
0,0.756120612023431,6.46663268209909,0.639297554093388,0.647366116417183,6.93894914837653,0,0.912801897,5.34164477551864,0,0,2.665430257,1.079651782,2.40170639676556,0.440565217,0.996336489820093,0.587937699467916,1,0,1.229984317,0,0.979161773,1.0038890071942,0.191922651986746,0.672802116911321,0,0,1.805415536,1,1.875657723,0.967972584235382,0.796522308417865,1.243697347,1.457987171,0.798788039,1.171650299,0.812745931,0,0.912801897,2.004045974,0,2.665430257,1.079651782,2.33516376,0.440565217,1.206136605,0,1.229984317,0.979161773,0.801859373,0.284498244,1.752794967,1.145954846,0,1.805415536,1.875657723,1.280179465,0.822871016
0.181343749570607,1.07777644664412,6.44187042944173,0.86580648390583,0.995763166219652,4.81176282936103,0.288060590944906,1.4055144,3.35854048520092,0,0,1.910534498,0.863045412,1.6382290392612,0.1282843,1.41905463342426,0.75810594506154,1,0.0665228720921227,1.239813307,0.0665228720921227,0.233340143,0.253642353623997,0.203586032498701,0.286873820361761,0.225955179220215,0.202684318850332,1.774703241,1,1.85497008,0.971298969,0.970798533431295,0.747607649,1.599319575,1.40609335,1.25997982,1.025715565,0.082619865,1.4055144,1.757906224,0,1.910534498,0.863045412,1.971122652,0.1282843,1.336195322,0.118630965,1.239813307,0.233340143,0.669501661,0.890256702,0.751420633,1.114813324,0.706527764,1.774703241,1.85497008,0.971298969,0.999484777
0.244082478161126,1.39758872196902,0.492319824269806,1.25008127653139,0.761671761902207,2.59557401855766,0,1.212247362,4.90550338060501,0,0,2.172422538,0.793766315,2.04853254358816,0.471150161,1.61151422971492,0.65605806592202,1,0.185423120888095,1.313730888,0.185423120888095,0.659417384,1.81239667698209,1.16241042279108,4.67695844112741,0.209756122016411,0.619183673875676,1.737967554,1,1.674072212,1.401713556,1.18244813289308,1.043657089,1.437152157,0.086197419,1.982893008,0.644148137,0,1.212247362,2.258079768,0,2.172422538,0.793766315,2.154328365,0.471150161,1.820874427,0.400674839,1.313730888,0.659417384,1.303160815,0.503233509,2.384775017,0.338762359,0.132390245,1.737967554,1.674072212,1.401713556,0.843573302
0.19470965136448,1.28961697398963,6.5819371526932,0.409787282347487,0.785375176143067,5.55729396094816,0,1.624942799,4.74106229729836,0,0.123234074307045,2.323716681,0.395740326,1.50057851481835,0.419858487,1.26462946556237,0.799819905320184,1,0.685126473307647,1.003053817,0.194723275660187,1.004363808,0.488202317335002,0.263408577371365,0.706684970038862,0.156667243521648,0.361336755647681,1.398587956,1,1.970695651,1.183414302,0.562405846018081,0.867290219,2.088895009,0.903954683,0.681008413,1.396456281,0,1.624942799,2.04029275,0.075839023,2.323716681,0.395740326,1.469890227,0.419858487,1.239470108,1.394172468,1.003053817,1.004363808,0.708586698,1.18280423,1.602660447,0.433568086,0.511314892,1.398587956,1.970695651,1.183414302,0.475240028
0.089232219318424,0.926417487307982,12.9341553392604,0.520178194399826,0.365981180913844,11.1064268072909,1.71607409546338,1.610153904,5.34922667271699,0,0,2.64218629,0.469520845,1.56804759460872,0,0.969448299980875,0.778802141556309,1,0.296518510281653,1.114700289,0.0892320895080458,0.072414886,0.0452137694246347,0.0255271590494056,0.104482957993191,0.0491128002833731,0.0689626509144618,1.405857553,1,2.07016005,1.04440889295174,0.73681608077626,1.334974212,2.305093045,1.577354905,0.947292944,0.496706087,0.227685004,1.610153904,2.024545617,0,2.64218629,0.469520845,2.193083733,0,0.864759118,0.649011133,1.114700289,0.072414886,0.653703912,0.948370022,2.229118809,0.712165174,0.660036978,1.405857553,2.07016005,1.127363429,0.705484601
14.0236737582949,0.886382210377909,5.88603466500481,1.66155265698069,0.0490517502742293,6.50683352516045,0,0.922346771,3.66416943316805,0,0,1.777504712,1.017412968,1.88577838581323,0.613335229,0.907949065621519,0.693048123349685,1,0.220745347409941,1.356686686,0.220745347409941,1.093059572,4.30043742762962,4.7125766333515,13.6088935552686,9.43638670919745,8.05553074778533,1.938214217,1,1.930244475,0.711218976890333,0.0699616393918356,1.499066442,1.508269035,1.559107804,2.307485167,0.70113351,0,0.922346771,2.061411938,0,1.777504712,1.017412968,1.762159733,0.613335229,1.021246972,0.419547705,1.356686686,1.093059572,1.445272616,0.685735116,1.762623166,1.17141713,0.591931351,1.938214217,1.930244475,0.802380116,0.098368589
0.308581366112709,0.723442009672561,7.46886733186633,1.07324514726881,0.0607709821892585,7.97572811523505,0.198219230925491,1.120868648,3.63418629697027,0.0532131062649482,0.0154593723459715,1.692397126,0.777849235,1.64363865832152,0.522220705,1.0433262748124,0.75653014890166,1,0.308846882013919,1.404930357,0.308570568222282,0.585497008,0.926520743812641,0.732007268030918,1.75919715954593,0.367690077094233,1.13299963502877,1.621748778,1,1.524915316,0.51451881823516,0.0959220731702012,0.746066627,1.476497162,1.737541692,1.444801075,0.633540834,0.059952043,1.120868648,2.147360239,0.013792314,1.692397126,0.777849235,1.681949066,0.522220705,1.086590271,0.560243231,1.404930357,0.585497008,0.964701195,0.723311628,1.57238198,0.324532234,0.644051178,1.621748778,1.524915316,0.711209362,0.186429796
0.693449377553638,0.994305566559556,6.14656482431687,1.07433237061737,0.0492891112802342,7.26621867201712,0,1.394591331,4.91116245054168,0,0.395725002105279,2.378373741,0.870144373,1.91712374808677,0.063485811,1.05995771006757,0.685602458777874,1,0,1.377439766,0,0.473403257,0.609957616919296,0.674878244496991,2.45505925379475,0.514447368726764,1.12118060170795,1.538588367,1,1.59333002,0.0756230450140747,0.0586395080565368,1.260430639,1.948197371,0.961920085,1.814748135,0.840548768,0,1.394591331,2.064924602,0.283756964,2.378373741,0.870144373,2.559214801,0.063485811,1.05482439,0,1.377439766,0.473403257,0.599652654,0.911081361,1.818890499,0.458844336,0.456681687,1.538588367,1.59333002,0.076055905,0.775428385
0.0915266072143179,0.647713513935682,9.8660187546345,0.937033897507161,0.469551052934138,10.2868985316546,0,1.026432108,6.16753168455761,0,0,2.563377343,0.729571821,2.35633370219687,0.80882244,0.918473630098981,0.595891181073096,1,0.109241384743355,0.889824843,0.0915299322932139,0.53481266,0.68479924600164,0.20724456666424,0.360647275199281,0.0940254923169385,0.140683440774149,1.711449862,1,2.145578782,0.715832831122805,0.837245497285304,0.841840198,1.461765846,1.211175027,1.66950268,0.560827524,0,1.026432108,2.406017866,0,2.563377343,0.729571821,1.830977992,0.80882244,1.186011208,0.269798406,0.889824843,0.53481266,0.745780275,0.307067418,0.949747462,0.668356277,0.390100151,1.711449862,2.145578782,1.105164956,1.169604808
0.849493008558235,0.700598724044717,8.85543618657676,0.666437000204905,0.157433328379037,9.63686440180406,0,1.377105411,4.91579786386516,0,0.02029407744503,2.200716934,0.379552544,1.35665589233776,0,0.905751761961067,0.848659064407654,1,0.325679787005095,1.092662104,0.325679787005095,0.874409471,1.02255126706854,0.746386120599324,1.81867260122822,0.445666947019151,0.550600971257465,1.217277831,1,2.094777797,0.892667725795032,0.810351759797065,1.314793759,1.400056789,1.347517738,1.066538096,0.194277927,0,1.377105411,2.23372565,0.014736764,2.200716934,0.379552544,2.119220773,0,0.760074945,0.66219459,1.092662104,0.874409471,1.163107286,0.970119711,1.61510071,0.809419108,0.302748813,1.217277831,2.094777797,1.274149189,0.907785696
0.332677221654771,0.934647088997122,6.19134118203277,0.91432840324143,0.104432658015996,6.72909523433644,0,1.467281193,4.0337867534997,0,0,2.15175531,0.515045963,1.50897997177765,0,1.33172128456905,0.797139462301841,1,0.35180262400288,0.892449752,0.332692439907384,0.842815655,1.1689271251392,0.832113014098218,1.81619244351542,0.236203616207247,0.182806638784037,1.151704677,1,1.918310432,0.913372476173152,0.23480262855823,1.066874459,1.378166526,1.245943924,1.4408697,0.444770588,0,1.467281193,1.874649378,0,2.15175531,0.515045963,2.522799099,0,1.168242928,0.631968685,0.892449752,0.842815655,1.010779656,0.678208235,1.454392746,1.29205628,0.100652473,1.151704677,1.918310432,0.977239518,0.257073267
0.349521762755805,1.07469765351201,8.72490251365476,0.525063118756744,0.604704548549989,7.25470822074274,0.781595355712131,1.513665507,4.62161701818325,0,0,2.478681478,0.28685597,1.68150706515697,0.767999719,1.00581715336688,0.745841689132855,1,0.271774558583087,1.079404033,0.271774558583087,0.434666659,0.235135313808035,0.149819551931705,0.38779666760655,0.149691531785427,0.412541712367163,1.214644739,1,2.111636433,1.181240854,1.9384555554721,1.502370113,2.017994445,1.319999904,0.913263673,0.311951722,0.140594346,1.513665507,1.864546558,0,2.478681478,0.28685597,1.412643358,0.767999719,1.118854386,0.532424145,1.079404033,0.434666659,0.655134021,1.057690849,1.645946505,0.36285187,1.063809328,1.214644739,2.111636433,1.181240854,1.641033282
0.410903451938799,1.72712480606761,1.72758931286972,0.748536108516342,0.0364426887701958,4.077757368869,0.819322619096044,1.517556446,5.94583410123425,0.482931679127879,0.411297757162336,2.635627237,0.29026763,1.81380455502971,0.424009951,1.6691294920929,0.710790504197004,1,0.0727007281020131,1.402910347,0.0727007281020131,0.692420616,1.54189464455842,1.21417910105464,2.87947739908364,0.29128144896797,0.500012813482095,1.250927822,1,1.950121802,1.284353545,0.278359225592688,0.910074131,1.896777512,0.204930819,1.360699132,0.130919637,0.365415019,1.517556446,2.255946523,0.271026332,2.635627237,0.29026763,1.714530731,0.424009951,1.768350289,0.167152822,1.402910347,0.692420616,1.595587167,0.87411342,1.271977709,0.582547969,0.17364707,1.250927822,1.950121802,1.284353545,0.216730998
0,0.733699781910894,5.00356068446784,1.08351283260644,0.00954438638027391,6.91804127275091,0.436896664923239,1.268364881,4.48537122518859,0,0,1.977790146,0.34458423,1.70651802617258,0.07076995,1.29172947599595,0.73895991077401,1,0.294170324576705,1.286575326,0,0.586543585,2.3213232476466,2.32854489787221,6.67148348295552,0,0,1.403956073,1,1.521820617,0.942243301187395,0.227430108326954,0.785935313,1.207636081,0.859936826,1.613236918,0.041966066,0.165511123,1.268364881,2.267870145,0,1.977790146,0.34458423,2.107529551,0.07076995,1.219804919,0.580201493,1.286575326,0.586543585,1.826296457,0.787841569,1.43254345,0.957749222,0,1.403956073,1.521820617,1.284238547,0.241369868
0,1.11475551594167,8.20484548887138,0.651251290773563,0.578621488923231,7.06344592764361,2.61896882870467,1.646710628,4.83913373941865,0,0,2.466543342,0.473623857,2.79291271372981,0.673978447,1.20696000914512,0.52730007775399,1,0.150882088980005,1.21374945,0,0.423119216,0.556716306275283,0.478135126245401,1.37972397140908,0,0.492647734692423,0.703177397,1,1.928756383,1.042880554,0.613998762802607,1.217654609,1.98455756,1.123812048,1.128795413,0.942382174,0.526612365,1.646710628,1.961909064,0,2.466543342,0.473623857,2.324959137,0.673978447,1.649577938,0.284499915,1.21374945,0.423119216,1.010165658,0.891215369,1.44281804,0,0.357062532,0.703177397,1.928756383,1.042880554,0.58875272
1.0739555174234,0.804787915212976,8.27295042283949,0.958461436026058,0.295716119394929,8.67618189842031,0.0332774417034274,1.57729047,5.17726681177995,0.0934789033558966,0.368983717393411,2.274886924,0.741212235,1.59480598478942,0.535407179,0.910308017687568,0.770780994444019,1,0.594802173243455,1.204422037,0.594802173243455,1.167947678,1.60362339827967,1.03844978955612,2.68702440048,0.927459125442844,1.66371189553413,1.537101402,1,2.102087846,0.52492811762847,0.381207076406183,1.008122318,1.601827537,1.419473573,1.569426412,0.775720984,0.008062503,1.57729047,2.275834793,0.233935172,2.274886924,0.741212235,1.947209101,0.535407179,0.939933527,1.295831288,1.204422037,1.167947678,1.142302629,0.697908779,2.063302625,0.557463782,0.619165161,1.537101402,2.102087846,0.652261094,0.726202716
0.0315884804470181,0.818024201871686,4.76200456571,0.849330598599447,0.121247616464994,5.88980778576709,0.617434889847215,1.615747348,3.89384789442656,0,0,2.210444732,0.575159299,1.88408081685173,0.096097333,1.367344390838,0.693468690315901,1,0.106743056967008,1.37984955,0.0315884697177193,0.069891256,0.145089339037583,0.0957384463820772,0.230522414679344,0.0344588136557076,0.0741825599747777,1.603683493,1,1.405407511,0.486231836288124,0.490597067392585,0.721976251,1.303960664,0.880809297,1.363364473,0.247140319,0.199432071,1.615747348,1.761567633,0,2.210444732,0.575159299,2.461632115,0.096097333,1.360558833,0.200077355,1.37984955,0.069891256,1.260701779,0.706075279,1.241947542,0.464513685,0.321801919,1.603683493,1.405407511,0.594401524,1.008968464
7.35969188154436,1.54052504631035,2.5409353689991,1.41687850710832,0.237594845985775,3.18171028044204,0,1.097262378,3.46953465380076,0,0.253836378355261,1.912562769,0.511617509,1.83635755093226,0.343584255,1.06320610646556,0.705116380109994,1,0.337762959923215,1.43735578,0.337762959923215,1.00028786,2.65675637790593,3.69940830585635,9.67139040571805,4.22882085915616,4.81087981742956,1.661297278,1,1.625759738,0.236811045,0.291925507710262,1.315383115,2.03796244,0.687433781,2.063373794,0.813888611,0,1.097262378,1.814076228,0.231336081,1.912562769,0.511617509,2.342496124,0.343584255,1.111049174,0.602132725,1.43735578,1.00028786,1.253843384,0.982530131,1.748661784,0.879011952,0.497434145,1.661297278,1.625759738,0.236811045,1.232736031
0.00403734121480847,0.820230096149811,5.2489376741877,0.471027461656169,0.456108665119328,5.30728618436629,0,1.684658412,3.44527783773211,0,0,2.280351427,1.247692405,1.62761115210528,0.238804109,0.887569790312189,0.761138509284045,1,0.291749228075872,1.105926598,0.00403734140209934,0.044550019,0.0282250496885103,0.0118164507908067,0.0267039190923043,0.00441631503149128,0.0201178569171429,1.850789727,1,1.690542397,0.62024071947146,0.540394003253629,1.02740643,1.436462509,0.942700524,0.772567803,0.84404049,0,1.684658412,1.510853896,0,2.280351427,1.247692405,1.634306567,0.238804109,0.857935332,0.53215552,1.105926598,0.044550019,0.675243579,0.856546641,1.134508673,0.219522136,0.7533672,1.850789727,1.690542397,0.756174438,0.871254388
0.428642859663861,0.911750630157645,9.48318145614911,0.743006214836576,1.19863997535896,7.23603749616431,0,1.387370072,5.38826409690409,0,0,2.767043866,0.497880346,2.19495787809212,0.706006708,0.966594164653579,0.625983693499063,1,0.317844423174555,0.660138003,0.317844423174555,0.77724283,0.515783317225256,0.493719760032468,1.25026859345758,0.346356069103017,0.502055675920399,1.451495871,1,1.799870919,1.11308289744147,1.13134127151689,0.926872332,2.122771374,1.346751082,1.399468502,1.059495568,0,1.387370072,1.947299847,0,2.767043866,0.497880346,2.171650753,0.706006708,1.184314211,0.702417102,0.660138003,0.77724283,0.58850786,1.2140208,1.668618138,0.689875816,0.401558256,1.451495871,1.799870919,1.220815798,1.016400811
0.128592975787158,0.66215472162754,6.3565639780248,0.709403530505379,0.193479240262457,7.72121010318971,1.62805993355527,1.552941407,4.66785363597341,0,0,2.237916268,0.84825031,2.22322032962644,0.474133326,0.711070608115645,0.6204956539251,1,0.356079363837167,1.38306899,0.128597808543554,0.295611134,0.420856470434609,0.184240361255381,0.598170540731387,0.113407134521999,0.493375279939836,1.153762652,1,1.663137754,0.621370785569532,0.394281651153459,1.047768841,1.411043565,0.966181597,1.148494616,0.490718163,0.411385553,1.552941407,2.085803523,0,2.237916268,0.84825031,2.292229328,0.474133326,0.83503919,0.696279038,1.38306899,0.295611134,1.132482518,0.506382293,1.832080752,0.229847968,0.824758816,1.153762652,1.663137754,0.938412401,0.634541069
1.47886619383288,1.03172089557616,4.51695589083883,0.965882394364487,0.965050106011378,4.49238268394162,0.978100318079107,1.64896582,4.46054830697487,0,0,2.358864635,1.070584099,2.86393685312886,0.641198164,1.10535456204876,0.517609215983724,1,0,1.12588675,0,0.376941152,0.912138016523204,0.719613128899547,2.38274080005521,1.07016129489597,1.00601794390489,1.66248032,1,1.974341111,1.528384384,1.25735005716741,1.430680048,1.523166232,0.750847151,1.622134108,0.767526991,0.338336373,1.64896582,1.890972564,0,2.358864635,1.070584099,2.471454622,0.641198164,1.521276548,0,1.12588675,0.376941152,1.252658696,0.747875971,1.655570684,1.063759649,0.422210399,1.66248032,1.974341111,1.528384384,0.822666124
0.187724423121752,0.556061804795266,10.2797325504532,0.412742759934415,0.18695028337156,11.2523052127673,0,1.25624528,5.15290869827344,0,0,2.549369574,0.061782929,1.8212204458479,0.522786492,1.06446364664215,0.708912617448699,1,0.203997732618031,0.940222763,0.187716777917443,0.552900942,0.535932167595009,0.241734989649485,0.706441003797478,0.111065097725032,0.108720750609154,1.926784121,1,2.110900528,0.788464869425832,0.208727490997607,0.897365476,1.188428839,1.296937031,0.732488297,0.89565953,0,1.25624528,2.021248214,0,2.549369574,0.061782929,1.756179148,0.522786492,1.156009828,0.463059187,0.940222763,0.552900942,1.394648108,1.12410927,1.735493983,1.021603505,0.153903215,1.926784121,2.110900528,1.417938771,0.264724607
9.06248399259911,1.30883480945852,4.9456057802355,1.23378354575362,0.617684023520082,4.59134722157721,0.218685833342498,1.091630681,4.06839973276816,0.0999875694867513,0.0551886575528063,2.079515441,0.114574796,1.96810350394933,0.192181292,1.31162163448839,0.673831008965849,1,0.100765464588784,1.41765788,0.100765464588784,0.864661893,2.94438111447566,4.01033834552901,13.4800914845692,6.36519186219117,8.6422791464637,1.493210181,1,1.848985849,0.806198148,0.513129451934795,0.793441617,1.864505375,1.013381547,1.89972774,1.203758664,0.090275671,1.091630681,1.956417179,0.050556162,2.079515441,0.114574796,2.501677073,0.192181292,1.364179799,0.190487284,1.41765788,0.864661893,1.51905511,0.991889187,1.850020857,0.736517735,0.64111428,1.493210181,1.848985849,0.806198148,0.636480564
0.485268816775,0.75426233688183,5.19821892688766,0.672350374945742,0.22301084258255,7.35704251469289,0,1.274321116,5.75375503075129,0,0,2.576934342,0.917874933,1.6390218260037,0,1.04102072035047,0.757852249698279,1,0.235525681709233,1.094256868,0.235525681709233,0.685326486,0.851465193184167,0.269960574957923,0.514002238016329,0.429093072856777,0.351332556308526,1.598542723,1,1.416372175,0.379813652153339,0.320649624354008,1.084479054,1.591001845,0.656778759,1.202476573,0.695500121,0,1.274321116,2.232790699,0,2.576934342,0.917874933,2.672081256,0,0.947078186,0.550676576,1.094256868,0.685326486,1.14155151,0.451999193,1.176214278,1.221330233,0.683523398,1.598542723,1.416372175,0.503555017,0.844231022
3.4975620797819,0.719486380074355,8.54656266004548,1.18101801588613,0.157361176319435,9.03526830224186,0,1.025257314,4.44997386239777,0,0,2.100736406,0.342441493,1.78875435170775,0.263083826,1.3931996388766,0.717165465424088,1,0.163067800980439,1.229792113,0.163067800980439,0.800609495,2.14263612267319,2.35428433939037,5.89831520211854,1.4038805425226,2.84158424636934,1.959447616,1,1.795347173,0.35201322589327,0.145839102627481,1.672247858,1.350576174,1.60565207,1.831012779,1.079006623,0,1.025257314,2.118292352,0,2.100736406,0.342441493,2.122376718,0.263083826,1.411255691,0.342826467,1.229792113,0.800609495,1.317789978,0.958862349,1.456948164,0.494048538,0.48176202,1.959447616,1.795347173,0.48925601,0.41429733
0.380948101775678,1.86906602464144,4.02704738710567,0.884554483014955,0.879011891132794,3.05569158100646,0,1.509629841,3.2273106365451,0,0.00766697820830447,2.07400536,0.995170103,1.11510597299405,0.057357594,1.93060707584332,0.945575775093712,1,0.529149719065621,1.250917414,0.380914422862913,0.315690494,0.628521004200029,0.234505991442294,0.460634421392842,0.448747110456828,0.405300385367293,0.77272519,1,2.134541828,1.495034567,0.872001505660161,0.846949224,1.690000276,1.018659904,1.359562611,1.008039419,0,1.509629841,1.556076324,0.005078714,2.07400536,0.995170103,1.535337003,0.057357594,1.531198741,0.793729318,1.250917414,0.315690494,1.554049996,0.332553039,1.356265475,1.107292793,0.879920722,0.77272519,2.134541828,1.495034567,0.583265113
0,1.07332741458328,6.29656472055329,0.980381178528444,0.306366347319814,6.32992577567796,0,1.352218135,4.40002345711317,0,0,2.710066739,0.98535354,1.71354140601587,0.116316969,1.09123377151696,0.737051285469872,1,0.235989064185351,1.318068934,0,0,0,0,0,0,0,1.20667082,1,1.601615649,1.429048236,0.654336198926945,0.951084353,1.980068608,1.066253576,1.818639801,0.468209382,0,1.352218135,1.623584908,0,2.710066739,0.98535354,2.007975432,0.116316969,1.0448106,0.448774166,1.318068934,0,1.438714504,0.671497669,1.068838375,0.509474787,0.268936038,1.20667082,1.601615649,1.429048236,0.457882514
0.120364576061433,1.33960588605722,7.31558555586698,0.950522428418554,0.694463800482024,6.6819627932725,0,1.19296146,6.16214341077317,0,0,2.948393075,0.452816567,1.34171490054796,0.090005429,1.4483703991479,0.85408337315906,1,0.0825547661369955,1.083945768,0.0825547661369955,1.013925939,1.62756539150542,0.115386559219959,0.22702511342557,0.152099877605385,0.175063876532711,1.2787016,1,2.248357645,1.088720592,1.07407469581794,0.574844809,2.144824669,0.90020364,1.876518087,0.646569371,0,1.19296146,2.090000639,0,2.948393075,0.452816567,1.538473282,0.090005429,1.242592158,0.194846688,1.083945768,1.013925939,0.914091614,0.062675247,1.064972906,0.868825029,0.771121194,1.2787016,2.248357645,1.088720592,0.986547608
0.0754177926543074,1.22150122444311,3.24969797390172,0.904197592346469,1.22382017961214,3.19451647590193,0,0.946454282,3.85063672427329,0,0,2.014571701,0.959609809,2.52419735698481,0.666107939,0.782887438534822,0.567505083329151,1,0.346656190010836,0.876826553,0.0754148649794692,0.239043024,0.339230949101632,0.268763672448924,0.804574095712653,0.085799111130387,0.105830377888005,1.391721521,1,1.930257367,0.810031734,1.15143103136181,0.861256276,1.724633128,0.628653667,1.362884237,1.062868853,0,0.946454282,1.911392244,0,2.014571701,0.959609809,2.200504935,0.666107939,1.015856234,0.627652079,0.876826553,0.239043024,0.843928094,0.759494568,1.609733691,0.810768857,0.131538287,1.391721521,1.930257367,0.810031734,1.421464102
0.21616455765544,0.971622869186154,4.51935756174207,0.668786707646235,0.563729343225095,5.28182176136328,0.735150174071349,1.647405835,4.81718072959766,0,0,2.13011591,0.966001,2.06121688641429,0.551636667,1.08183240005989,0.653332450394994,1,0.349052255272452,1.163890839,0.216159344346156,0.216954605,0.152902757531368,0.0745347623608443,0.214999044523436,0.135062288684504,0.201224156970134,1.349161888,1,1.633630759,0.712391888284199,0.898378522377354,1.573292662,1.632301929,0.676643894,1.046689957,0.627495456,0.221795477,1.647405835,2.261464133,0,2.13011591,0.966001,2.080348904,0.551636667,1.247586783,0.712620077,1.163890839,0.216954605,0.640790718,0.649666549,1.754006438,0.671200778,0.935920675,1.349161888,1.633630759,0.733199073,1.261073819
0.536235654250107,0.843707373142416,9.18022137037264,0.6287477309172,0.507749070901997,8.76005743227016,1.80002622100761,1.217192172,5.49924595200477,0,0,2.423589809,0.875990346,1.86353694962768,0.306760219,0.554327243040476,0.698436466689812,1,0.146119900602617,1.146678881,0.146119900602617,0.515159451,0.49503559690274,0.280747994771589,0.647332306311099,0.445019886233272,0.447074863159334,1.251892878,1,1.980631552,0.859273662615491,0.940524410882149,1.130256132,2.100302565,1.158063276,1.076287162,0.53985768,0.343006145,1.217192172,2.269049792,0,2.423589809,0.875990346,2.124803014,0.306760219,0.577927605,0.319678884,1.146678881,0.515159451,0.875827111,0.766247057,1.321328117,0.995403506,0.690641976,1.251892878,1.980631552,1.018449636,1.094555476
1.78026008564659,0.678274532095637,7.19860380101021,1.04896205218815,0.410852325248918,7.9263070252336,0,1.561456534,5.04416689067105,0,0.148285207819387,2.148469521,0.774475399,2.23373042297329,0.565342741,0.73593179042432,0.618481500907639,1,0.149912610177776,1.084721163,0.149912610177776,0.463372719,1.29071404074124,1.13938771940916,3.07879887669547,1.36970768912483,1.05341454241328,1.871187104,1,1.79279937,0.659480505909112,0.433305282577158,1.153175875,1.53013228,1.141290118,1.651312525,0.948180383,0,1.561456534,2.347795415,0.094965953,2.148469521,0.774475399,2.169702426,0.565342741,0.882946899,0.334130997,1.084721163,0.463372719,1.526773583,0.845992619,1.553619366,1.300255155,0.342151139,1.871187104,1.79279937,0.972292063,0.657053211
1.32573641162236,0.696799780779937,8.80925943027056,0.652588384609904,0.0789552242483789,9.91578955307518,0,1.758453676,4.95262393392056,0,0,2.546881582,0.41537279,2.48893713997973,0.75766792,1.16966706297315,0.573240211623691,1,0.138914687843556,0.89748536,0.138914687843556,0.779096911,1.04504810714639,0.495527377195925,1.00404790825843,0.643870437865326,0.541780871670991,1.14228673,1,1.546105513,0.534036800018689,0.232669394045963,1.457134179,1.531262255,1.241315467,1.157326861,0.339345605,0,1.758453676,1.944583513,0,2.546881582,0.41537279,2.129904331,0.75766792,1.53419576,0.281125497,0.89748536,0.779096911,1.170487174,0.596025623,1.153846349,1.188433316,0.539596634,1.14228673,1.546105513,0.766413225,0.435673823
6.37742612594848,1.52709625388656,4.64236760408581,0.904662543899043,0.7426865673736,4.03041578373506,0.54146007058104,1.940177101,3.96211856997359,0,0,2.014649171,0.307055816,1.97610809805814,0.620383855,0.735518261118153,0.67202397847349,1,0.280514643146581,1.631652484,0.280514643146581,0.917756179,2.61973458670734,1.71342534442596,3.90778525472966,3.27611578883167,4.97434505227716,1.24592458,1,1.71453038,1.099223125,0.634217311059832,1.27218518,2.669843026,0.933008637,1.363620094,1.171028533,0.179936395,1.940177101,1.966654357,0,2.014649171,0.307055816,1.957902362,0.620383855,0.845196563,0.505490413,1.631652484,0.917756179,2.020216532,0.637378919,1.460225932,0.65860244,1.272932039,1.24592458,1.71453038,1.099223125,0.576968676
0,0.673603326488881,9.15740842617975,0.740972883989038,0.244233217337062,10.211470473201,0.224935760189618,0.940323529,5.74031367122929,0,0,2.830215814,0.882990559,2.04425843887642,0.235819753,0.645460361771483,0.656975225965852,1,0.199850684405839,1.337181365,0,1.076449397,1.71573396707892,1.51312381725742,5.66701506829892,0,2.32847623640045,1.704915769,1,1.489196935,0.614101792944274,0.378660195329162,1.433001103,2.061898894,1.093154905,1.419043029,0.644992436,0.045437265,0.940323529,2.028224718,0,2.830215814,0.882990559,2.289693558,0.235819753,0.690654621,0.471908892,1.337181365,1.076449397,1.075533692,1.102403416,1.872621065,0,0.410882309,1.704915769,1.489196935,0.911667277,0.616613815
1.71041231146503,0.734197078886084,6.56171781499611,0.427652966547438,0.162883721978056,7.10234421388336,0,1.564374051,3.72630328216146,0,0,1.885617247,0.211450122,2.48077252446265,0.748059341,0.53538243589861,0.574581382182297,1,0.235542809301661,1.028072997,0.235542809301661,1.398613363,1.45495884244625,0.497571191107966,1.96806837394042,0.834070032171914,0.753887336489139,1.249771143,1,1.913988392,0.591425633297029,0.27880179501929,1.242149414,1.452568784,1.172417933,0.617021388,0.584233391,0,1.564374051,1.976171616,0,1.885617247,0.211450122,2.317432042,0.748059341,0.699859193,0.410791042,1.028072997,1.398613363,1.502759035,0.696778824,2.443502328,1.10635899,0.383059525,1.249771143,1.913988392,0.805538262,0.471401462
0.206109606069441,0.981311701300485,7.4153965151992,0.546509337395448,0.736612195727107,6.68356676545688,0.19781472919499,1.660084705,5.00913299630016,0,0,2.49976663,0.568088849,1.72227516013715,0.436295466,1.29806971945633,0.734683026424612,1,0.366782891241694,1.316714194,0.206115139141957,0.474877248,0.450246178671308,0.240528546075115,0.754220022582089,0.142542721431948,0.769243331849388,1.677121952,1,1.806173695,0.869237114936165,1.17072384165106,1.133680033,1.802048455,1.018733175,0.956327571,0.629194431,0.039643628,1.660084705,2.003840253,0,2.49976663,0.568088849,1.773963146,0.436295466,1.34952452,0.796492426,1.316714194,0.474877248,1.046245594,0.948983328,1.891036803,0.185304595,1.01993864,1.677121952,1.806173695,0.885788123,1.346838317
4.40705589509546,0.790940076693773,5.87670026669427,1.24214853135135,1.16040355017504,5.56177274030527,0.293566811849948,1.043026478,5.11147531571857,0,0,2.563324424,0.82058578,1.84091762588583,0.261349104,0.697715891523549,0.704013903674083,1,0.189202500382447,1.408923593,0.189202500382447,0.585899677,1.44613210381728,2.48174403990056,3.78689690481509,2.81440261755028,2.6662082772805,1.301815887,1,1.933758091,1.07412640982815,1.09579695805982,1.425422085,1.531904776,0.986262296,2.2130891,1.058938732,0.104115287,1.043026478,1.994080526,0,2.563324424,0.82058578,2.267799227,0.261349104,0.715542897,0.397953933,1.408923593,0.585899677,1.181508898,1.205778775,0.907302928,1.055582432,0.70406149,1.301815887,1.933758091,1.358049665,1.020168679
0.605387194801459,0.79428122173389,7.14771014173075,1.19969027141145,0.858485262179202,6.92281544342295,2.74064441926176,1.157753917,5.49599581398959,0,0,2.306731241,0.91064599,2.38699601663264,0.779641162,1.14314553287122,0.590491915488288,1,0.331061964797355,0.949011484,0.331061964797355,0.805242785,1.2920728089501,1.52030080302476,1.485558483857,0.426030250007409,0.831989765282843,1.517351575,1,1.742211841,0.880708801481746,0.772932838784277,1.357509961,1.574699483,1.147962736,1.98352665,1.110695203,0.852119005,1.157753917,2.382590445,0,2.306731241,0.91064599,2.318929595,0.779641162,1.47655757,0.745994124,0.949011484,0.805242785,0.890141985,0.943615668,0.650322091,0.512061888,0.560051842,1.517351575,1.742211841,1.108809361,0.877624493
0.0712420614645369,1.2063434217505,5.39028182774219,0.826897659654117,0.720329502142388,4.89596218509975,0,1.463551269,4.22214321860854,0,0,2.262136317,0.925149578,1.56938727207082,0.325234169,1.68483903032391,0.778394313874978,1,0,0.985701596,0,0.128715145,0.1642350476488,0.0925965407453183,0.194426766865316,0.0558832588308521,0.134254006892499,1.314008157,1,1.727093531,0.972636268,0.892263063301944,1.227126222,1.64130754,0.902253565,1.348726443,0.807306199,0,1.463551269,1.866440668,0,2.262136317,0.925149578,1.422030631,0.325234169,1.640454478,0,0.985701596,0.128715145,0.771532868,0.564898915,1.049859775,0.416250212,0.690511955,1.314008157,1.727093531,0.972636268,0.91736561
3.06996599743985,0.67976945764494,7.08761408403928,0.825809482648089,0.346575709938755,8.37468934279662,1.79592409427709,1.611554,5.5847553895948,0,0,2.842443235,0.696381391,1.30679421140249,0.076368704,1.37039704623972,0.867014222681086,1,0.283176816834296,1.154597687,0.283176816834296,1.013515043,1.89790391436229,1.40416074862232,4.39021604607358,1.96774225059076,2.38278756389841,0.799139982,1,1.248380176,0.68439856632485,0.592150107359801,1.323301664,1.425186937,0.98640377,1.58656303,0.585274528,0.426155649,1.611554,1.964772883,0,2.842443235,0.696381391,1.777448082,0.076368704,1.159059874,0.593531201,1.154597687,1.013515043,1.454858199,0.690367,2.005975262,0.825815226,0.5427495,0.799139982,1.248380176,1.006817891,0.865225402
0,1.02900474994736,6.70571799503028,0.922591580064749,0,7.19029645138963,0.981171330872455,1.273091079,4.1839633580736,0.823495322183663,0.296855758403282,2.140599139,0.721915196,2.03332696215758,0.116189309,1.32172584735176,0.659355163735274,1,0.212568365646268,1.09387765,0,0,0,0,0,0,0,1.651365511,1,1.821779523,0,0,0.862610092,1.695746242,1.171023338,1.448745161,0.571049569,0.27961987,1.273091079,1.954575839,0.233177157,2.140599139,0.721915196,2.621783631,0.116189309,1.371110784,0.416385763,1.09387765,0,1.102173257,1.01925027,2.443685329,0.69701824,0.66135113,1.651365511,1.821779523,0,0.608843435
0.834442380809957,1.25610020828611,5.26873132065031,0.681397953998863,0.14479202418947,5.00252970465031,0.507296934594932,1.63216004,3.23783050673943,0,0,1.750576087,0.367749848,1.67188669929811,0.354450277,1.85017797299323,0.74852627129372,1,0.322644738199134,1.42875809,0.322644738199134,0.88050018,0.446691520378254,0.25730475035489,0.786762402353035,0.672119144578811,0.718736771676897,1.018393572,1,1.617176188,0.544559937,0.135513802946843,0.849037294,1.512445675,1.222075537,0.937118459,1.068466983,0.147888442,1.63216004,1.849579993,0,1.750576087,0.367749848,2.004847805,0.354450277,1.862373969,0.504634445,1.42875809,0.88050018,0.492368938,0.706091096,2.022129693,0.935139499,0.913537263,1.018393572,1.617176188,0.544559937,0.248850115
0,1.19290055582305,4.04971537442349,0.828846928268066,0.538711447033713,4.31952672464967,0.318790231530623,0.778011149,4.00970630789995,0,0,2.045378308,0.927786611,2.6003968913695,0.62531801,0.917823424437522,0.555486550495518,1,0.357199347279023,1.433377084,0,0,0,0,0,0,0,1.356662528,1,2.021779215,0.926810838,0.444225073341644,0.884309117,1.679496454,0.714268329,1.262076228,1.212699326,0.127239119,0.778011149,1.960373928,0,2.045378308,0.927786611,2.202225568,0.62531801,1.199082432,0.657815535,1.433377084,0,0.897777508,0.476363546,2.015132974,1.464667253,1.087110608,1.356662528,2.021779215,0.926810838,0.479305005
0.447084875871093,1.54137069045267,4.60058659760536,1.30640577608515,1.49901024707417,3.7271574953233,0,0.977318996,4.79255631145538,0,0,1.944108122,0.649162278,2.19614580658733,0.241203803,1.54122005765458,0.62575497527029,1,0.00950527523076869,1.438381345,0.00950527523076869,0.613645501,1.93724883786801,0.768910633536756,2.87959028313728,0.343679293266617,0.417303399203283,1.25988974,1,1.883618173,1.624068948,1.55158242757922,1.072679569,2.048214953,0.795772389,1.923099928,0.966117056,0,0.977318996,2.465169636,0,1.944108122,0.649162278,2.557247164,0.241203803,1.709730506,0.019135179,1.438381345,0.613645501,1.219743071,0.248324615,1.890311731,0.823571756,0.14491763,1.25988974,1.883618173,1.624068948,0.955367338
0.0389951019527208,0.817192098078157,10.8344906702813,0.324419450968894,0.824360413316092,8.37518885314233,0.0136692288239631,0.857624629,4.41491222710209,0,0,2.08997975,1.049050983,2.65741436283981,0.919047931,1.30441503906154,0.546833696673063,1,0.0342790222047473,1.048816669,0.0342790222047473,0.373825607,0.249618961365308,0.0408401111091507,0.124805659126167,0.060621418007559,0.0597862475932829,1.475574333,1,2.10768127,0.88836078431776,0.859839856430129,0.659032357,1.574699306,1.447101057,0.501224767,0.958741377,0.00197036,0.857624629,2.112418662,0,2.08997975,1.049050983,1.874983078,0.919047931,1.818506861,0.067619541,1.048816669,0.373825607,1.064411015,0.442518507,1.580356561,1.013969273,0.479034749,1.475574333,2.10768127,1.087087999,0.967898971
0.284102989627411,1.28338357813442,8.29983702208656,0.726464606099392,0.305366643310224,8.3022682638216,0.10859539523604,1.254982411,6.59753218603354,0,0,3.014914097,1.047087812,1.66840861100193,0.238829747,1.36714642631365,0.749513947772889,1,0.233343579424551,1.186009417,0.233343579424551,0.83549632,0.914913291036005,0.59681637036583,0.969328969247144,0.544104596792445,0.967970875385516,1.070954076,1,2.100761377,0.724323928,0.852262302807477,0.534441145,2.33989929,0.930875548,1.458346494,0.358301244,0.022373518,1.254982411,2.188298563,0,3.014914097,1.047087812,2.081996678,0.238829747,1.33543742,0.564019798,1.186009417,0.83549632,0.929554841,0.741763572,1.00157747,0.562108438,0.998598934,1.070954076,2.100761377,0.724323928,1.176631435
0.560266950131547,1.37665992276081,6.35805065253506,0.533459099033067,0.415260669061373,5.83883390560993,2.05774170903437,1.983902596,4.71217212415794,0,0,2.107517133,1.151530798,2.06710436336734,0.392701852,1.43436948692538,0.652075011933908,1,0.32182707216672,1.634150018,0.32182707216672,0.868104117,0.967484665445991,0.346232614560227,0.965064475207268,0.51938237029066,0.964603643409454,1.318427858,1,1.868821096,0.853881743,0.657036674252121,1.160447165,2.137834119,0.963146805,0.828866645,0.632020533,0.452960193,1.983902596,2.235887932,0,2.107517133,1.151530798,2.615272892,0.392701852,1.599262324,0.64611612,1.634150018,0.868104117,1.380752359,0.610512507,1.842183977,0.538441228,0.999522486,1.318427858,1.868821096,0.853881743,0.769470339
2.42030091823006,0.733113372565722,5.73855327913061,0.976837232724279,0.363391497927582,6.61566119846677,0.191782657149512,1.365639993,4.50417697063115,0,0,2.567136345,0.663724099,1.48210453091981,0,1.70688721637771,0.805774567430749,1,0.201683961615327,0.976355335,0.201683961615327,0.632573687,1.14124958935609,0.980297449069145,2.3234989467694,1.12859562739766,1.24571939163255,1.650718455,1,2.31447037,0.391300197388094,0.404319566291864,1.783948505,0.905042546,1.012399898,1.742255798,0.898766601,0.058801082,1.365639993,1.754553076,0,2.567136345,0.663724099,2.210263589,0,1.485881081,0.411177904,0.976355335,0.632573687,1.109705085,0.846889384,1.424114396,0.905979015,0.536139426,1.650718455,2.31447037,0.533753534,1.033285907
0.911804437405771,0.949899216556406,5.27268605469452,0.724748448686427,0.598323758241879,5.28307662845415,0.00481424804690987,1.455146995,4.10004255865754,0,0,2.088771885,0.436671352,2.41620430805946,0.646862253,0.74517420157744,0.585443528241854,1,0.0112737572491938,1.178157356,0.0112737572491938,0.32448361,0.688080297883829,1.03109749700542,4.50807991927834,0.681893273919513,1.50075687271833,0.94660092,1,2.083589832,1.20933049513439,0.93640879280892,0.960533975,1.490881807,0.879636365,1.119291316,0.638958388,0.001412681,1.455146995,1.962896278,0,2.088771885,0.436671352,1.982838647,0.646862253,0.943218331,0.019860537,1.178157356,0.32448361,1.479441527,1.528949332,2.210704095,0.454366251,0.332903786,0.94660092,2.083589832,1.273112747,0.774313116
0.268671174653644,1.19238709867037,6.6915526333522,0.709961144825432,0.42739180149586,6.07840276445337,0,1.405703487,4.3096660534142,0,0.420991805259545,2.572753476,0.611556207,1.57244209928068,0.088085182,1.48810659394905,0.777478151367382,1,0.0457236599414891,1.158151278,0.0457236599414891,0.538114192,0.677305521384813,0.296509480500402,0.522456685849544,0.244049048125511,0.205391836852367,1.239935891,1,1.808406364,0.995433114,0.776762579019111,0.887073116,1.83764921,1.069677423,1.268258074,0.550221925,0,1.405703487,1.675118154,0.299488341,2.572753476,0.611556207,1.899777357,0.088085182,1.361805309,0.086298858,1.158151278,0.538114192,0.926963273,0.506502924,0.921294855,1.188212014,0.393127014,1.239935891,1.808406364,0.995433114,0.78032624
0,0.830468634037629,7.39254759885055,0.577203182871979,0.144429740533278,8.52040111293895,0,1.240444118,5.28112867950514,0,0.24532101567773,2.586182314,1.205013195,2.57151464045142,0.634799379,0.772524250935483,0.559981702278265,1,0.175625258206761,1.423442913,0,0.585680244,0.973106824366412,0.313687332178795,1.17294866527139,0,0,0.910552783,1,1.886292619,0.773498307885788,0.214245052794755,0.843083633,1.726669715,0.901895142,1.034977923,0.674143494,0,1.240444118,2.042055833,0.197768696,2.586182314,1.205013195,2.152294401,0.634799379,1.005506875,0.359666543,1.423442913,0.585680244,1.439266545,0.406371492,1.869614334,1.249490351,0,0.910552783,1.886292619,0.931395068,0.276981115
0.171627342644215,0.998785847257362,7.6645227412677,0.732059678589249,0.119253747897365,8.05684630566081,0,0.974532587,4.89631115906802,0,0,2.227442512,0.673574836,1.67244471354891,0.308022342,1.58531836627848,0.748378514442284,1,0.320942500055305,1.187105666,0.171617926113118,0.220129133,0.3730316877524,0.391347639781048,1.39803186412568,0.165981754455421,0.500414066029825,1.245484669,1,1.388909116,0.326053526002464,0.213607689259493,0.865290469,1.881255838,1.136331572,1.181340264,0.558277915,0,0.974532587,2.198176219,0,2.227442512,0.673574836,1.854846785,0.308022342,1.577576774,0.653262077,1.187105666,0.220129133,1.356060669,1.224254084,2.092776641,0.331710932,0.357954445,1.245484669,1.388909116,0.326447527,0.655124463
2.39653839871686,1.00027100371503,5.51243533369618,0.867833736212921,0.0341221872264855,5.99533913558998,0,1.653785852,3.58367635920966,0,0.139915179939108,1.852354324,0.924873288,1.66105087423084,0.35671543,1.40705997832967,0.751581503197353,1,0.12253960319223,1.528585859,0.12253960319223,0.6856112,2.14628355452741,1.14894951047918,3.17207505186857,1.98087687636001,1.22855090388825,1.978894988,1,1.723538118,0.790991322,0.698473573343221,1.164391589,1.499053484,1.149953149,1.237684655,0.04885251,0,1.653785852,1.934660293,0.084602961,1.852354324,0.924873288,1.682391756,0.35671543,1.413311126,0.231678623,1.528585859,0.6856112,2.024623818,0.632489203,1.549580655,1.61236858,0.387301966,1.978894988,1.723538118,0.790991322,0.883035697
0,1.49993440666301,3.86467189629926,0.996175385399958,0.502053031907009,3.87923949720559,0,1.741199903,3.89766719554801,0,0.59408268505842,2.844668166,0.462501333,1.55196693767814,0,1.10970375387518,0.78370550134935,1,0,1.360098212,0,0.577824521,1.49446202557177,1.3560562118064,6.67159554031463,0,0,1.640770021,1,2.349128804,0.78644879,0.590308417732868,1.025134699,1.792878471,0.742702893,1.914981896,0.850492754,0,1.741199903,1.370165857,0.341191545,2.844668166,0.462501333,1.980270065,0,0.985411114,0,1.360098212,0.577824521,1.298144728,0.829068199,2.45992588,0.762685151,0,1.640770021,2.349128804,0.78644879,0.750599944
1.10668111020412,0.757546596764041,5.73200675824728,1.16611875095532,0.278363419816818,7.14088408755765,0.389268487827039,1.844049056,5.1075260519382,0,0,2.113223679,0.685566987,1.45582618682459,0.302928192,0.734236493207515,0.814385903594498,1,0.309195740085385,1.394170211,0.309195740085385,1.071836578,2.14014707589555,1.21391943493239,3.55580592521477,0.882262947136426,1.18688302622432,1.67397937,1,1.865483408,0.430499551016963,0.382232817764887,1.057159405,1.506859562,0.975057491,1.815194254,0.728259718,0.130536296,1.844049056,2.416935842,0,2.113223679,0.685566987,1.705859328,0.302928192,0.689955861,0.678801017,1.394170211,1.071836578,1.120848346,0.484365134,1.917444369,0.743344481,0.333787347,1.67397937,1.865483408,0.568280096,0.887876787
0.282724783622845,0.889512509387066,3.38797686354529,0.680579934369217,0.414704891180887,3.65575215781096,0,1.155653477,2.65170600437476,0,0,1.705257083,1.127098279,1.67332034529756,0.278638063,1.08787207167043,0.74813857608701,1,0.277527763656174,0.967578473,0.277527763656174,0.785212955,1.08733347894741,0.481870892369819,1.39950963188785,0.438662499325103,0.65425371807633,2.161814874,1,1.653563114,0.730063520023309,0.447106907722127,0.685473914,1.211518781,0.94486346,0.920571844,0.927521175,0,1.155653477,1.55501832,0,1.705257083,1.127098279,2.081981207,0.278638063,1.074801178,0.472735303,0.967578473,0.785212955,1.299680236,0.722682382,1.855177848,0.670477656,0.467487828,2.161814874,1.653563114,0.820749047,0.612418116
0.350313693788384,1.56481633375697,2.00366463422381,0.80811069101813,0.0751684940535733,3.98642668379274,0,1.407409098,5.25158621847147,0,0,2.677429794,0.867032383,1.75242853138043,0.29210724,1.33754397059381,0.726627678203546,1,0.431360175035439,1.274388806,0.35030752182437,0.589282185,0.940126173825641,0.443481824090827,0.926357874616684,0.475395153812389,0.421587836911853,1.659374409,1,1.553244918,0.895700616,0.45120694605846,0.687901624,2.149845526,0.301260627,1.485885166,0.166594275,0,1.407409098,1.961428169,0,2.677429794,0.867032383,2.322787212,0.29210724,1.352440364,0.960958384,1.274388806,0.589282185,1.332878179,0.585144161,1.410246753,1.127615041,0.455093822,1.659374409,1.553244918,0.895700616,0.5037475
0,0.79328073779076,7.28947370924824,1.10270386437264,0.645933233305045,7.17631792420543,0,1.129059758,5.05098128627919,0,0,2.451610737,0.940491451,2.51066385993694,0.903008162,0.732582432044715,0.569690696000953,1,0,1.482659729,0,0.262338752,0.671655774854681,0,0,0,0,1.472822027,1,1.968455572,0.969455653467074,0.743787543660529,1.572840831,1.645990416,1.119439816,1.903052249,0.868445267,0,1.129059758,2.060270503,0,2.451610737,0.940491451,1.704804425,0.903008162,0.991492653,0,1.482659729,0.262338752,1.160901608,0,2.078538344,1.423121722,0.49504453,1.472822027,1.968455572,1.222081046,0.767221999
